[
  {
    "id": "8b37a58f-5469-486c-8a2f-074dd1610ce0",
    "data": [
      {
        "text": "street 42 ,newyork .USA",
        "meta": "@sys.address",
        "alias": "address",
        "userDefined": true
      }
    ],
    "isTemplate": false,
    "count": 0,
    "lang": "en",
    "updated": 0
  },
  {
    "id": "940bf231-e0db-4b91-a1dc-506a50ca84bd",
    "data": [
      {
        "text": "1234567890",
        "meta": "@sys.phone-number",
        "alias": "phone-number",
        "userDefined": true
      }
    ],
    "isTemplate": false,
    "count": 1,
    "lang": "en",
    "updated": 0
  },
  {
    "id": "6661018c-3d44-4982-b786-af753b6b8bde",
    "data": [
      {
        "text": "shubham9112@gmail.com",
        "meta": "@sys.email",
        "alias": "email",
        "userDefined": true
      }
    ],
    "isTemplate": false,
    "count": 0,
    "lang": "en",
    "updated": 0
  },
  {
    "id": "313ddce6-4a5a-4058-8ec5-22c8c2a8fc53",
    "data": [
      {
        "text": "shubham",
        "meta": "@sys.given-name",
        "alias": "given-name",
        "userDefined": false
      }
    ],
    "isTemplate": false,
    "count": 1,
    "lang": "en",
    "updated": 0
  },
  {
    "id": "0059910d-9795-40be-88a5-0acb9d398e26",
    "data": [
      {
        "text": "biryani",
        "userDefined": false
      }
    ],
    "isTemplate": false,
    "count": 0,
    "lang": "en",
    "updated": 0
  },
  {
    "id": "cb394233-b2fc-4d0d-83c7-8f1aa3a603fd",
    "data": [
      {
        "text": "No",
        "userDefined": false
      }
    ],
    "isTemplate": false,
    "count": 0,
    "lang": "en",
    "updated": 0
  }
]