[
  {
    "id": "c6da9180-dfed-41a4-8f8c-58b1191ab15e",
    "data": [
      {
        "text": "butter ",
        "userDefined": false
      },
      {
        "text": "paneer",
        "meta": "@sys.any",
        "alias": "any",
        "userDefined": true
      }
    ],
    "isTemplate": false,
    "count": 0,
    "lang": "en",
    "updated": 0
  },
  {
    "id": "a34cb4a3-daeb-4d95-8612-338d3428b1b1",
    "data": [
      {
        "text": "butter ",
        "userDefined": false
      },
      {
        "text": "chicken",
        "meta": "@sys.any",
        "alias": "any",
        "userDefined": true
      }
    ],
    "isTemplate": false,
    "count": 0,
    "lang": "en",
    "updated": 0
  },
  {
    "id": "51a5f543-1951-495a-a4c9-ba59d305fe6f",
    "data": [
      {
        "text": "chicken",
        "meta": "@sys.any",
        "alias": "any",
        "userDefined": true
      }
    ],
    "isTemplate": false,
    "count": 0,
    "lang": "en",
    "updated": 0
  },
  {
    "id": "85598505-ebf2-4e5f-8dd7-a1569728e5b9",
    "data": [
      {
        "text": "paper ",
        "userDefined": false
      },
      {
        "text": "barbeque",
        "meta": "@sys.any",
        "alias": "any",
        "userDefined": true
      }
    ],
    "isTemplate": false,
    "count": 0,
    "lang": "en",
    "updated": 0
  },
  {
    "id": "8dd628ff-7a53-434e-8b76-1ce6a31167a1",
    "data": [
      {
        "text": "tomato",
        "meta": "@sys.any",
        "alias": "any",
        "userDefined": true
      },
      {
        "text": " soda",
        "userDefined": false
      }
    ],
    "isTemplate": false,
    "count": 0,
    "lang": "en",
    "updated": 0
  },
  {
    "id": "410e8eaa-6dd8-4bc6-b27a-1df371e4d292",
    "data": [
      {
        "text": "paneer",
        "meta": "@sys.any",
        "alias": "any",
        "userDefined": true
      },
      {
        "text": " tikka",
        "userDefined": false
      }
    ],
    "isTemplate": false,
    "count": 0,
    "lang": "en",
    "updated": 0
  },
  {
    "id": "01c0191e-d78f-4183-bd9d-992487900e30",
    "data": [
      {
        "text": "samosa",
        "meta": "@sys.any",
        "alias": "any",
        "userDefined": true
      }
    ],
    "isTemplate": false,
    "count": 0,
    "lang": "en",
    "updated": 0
  }
]